{"cameraMode":{"drawMode":0,"name":"Shaded","section":"Shading Mode"},"sceneLighting":true,"audioPlay":false,"sceneViewState":{"showFog":true,"showMaterialUpdate":true,"showSkybox":true,"showFlares":true,"showImageEffects":true,"showParticleSystems":true},"in2DMode":false,"pivot":{"x":8.964815139770508,"y":16.029621124267579,"z":25.87374496459961},"rotation":{"x":-0.008529328741133213,"y":0.9775469899177551,"z":-0.20671990513801576,"w":-0.040298208594322208},"size":54.91779708862305,"orthographic":true}