{"cameraMode":{"drawMode":0,"name":"Shaded","section":"Shading Mode"},"sceneLighting":true,"audioPlay":false,"sceneViewState":{"showFog":true,"showMaterialUpdate":true,"showSkybox":true,"showFlares":true,"showImageEffects":true,"showParticleSystems":true},"in2DMode":false,"pivot":{"x":21.675344467163087,"y":-5.171137809753418,"z":-21.964385986328126},"rotation":{"x":-0.14401546120643617,"y":0.8559770584106445,"z":-0.34916451573371889,"w":-0.3530539274215698},"size":41.81005859375,"orthographic":false}